filename,object_location,image_small,image_thumb
col012_mldimages_00001.jpg,/objects/col012_mldimages_00001.jpg,/objects/small/col012_mldimages_00001_sm.jpg,/objects/thumbs/col012_mldimages_00001_th.jpg
col012_mldimages_00002.jpg,/objects/col012_mldimages_00002.jpg,/objects/small/col012_mldimages_00002_sm.jpg,/objects/thumbs/col012_mldimages_00002_th.jpg
col012_mldimages_00003.jpg,/objects/col012_mldimages_00003.jpg,/objects/small/col012_mldimages_00003_sm.jpg,/objects/thumbs/col012_mldimages_00003_th.jpg
col012_mldimages_00004.jpg,/objects/col012_mldimages_00004.jpg,/objects/small/col012_mldimages_00004_sm.jpg,/objects/thumbs/col012_mldimages_00004_th.jpg
col012_mldimages_00005.jpg,/objects/col012_mldimages_00005.jpg,/objects/small/col012_mldimages_00005_sm.jpg,/objects/thumbs/col012_mldimages_00005_th.jpg
col012_mldimages_00006.jpg,/objects/col012_mldimages_00006.jpg,/objects/small/col012_mldimages_00006_sm.jpg,/objects/thumbs/col012_mldimages_00006_th.jpg
col012_mldimages_00007.jpg,/objects/col012_mldimages_00007.jpg,/objects/small/col012_mldimages_00007_sm.jpg,/objects/thumbs/col012_mldimages_00007_th.jpg
col012_mldimages_00008.jpg,/objects/col012_mldimages_00008.jpg,/objects/small/col012_mldimages_00008_sm.jpg,/objects/thumbs/col012_mldimages_00008_th.jpg
col012_mldimages_00009.jpg,/objects/col012_mldimages_00009.jpg,/objects/small/col012_mldimages_00009_sm.jpg,/objects/thumbs/col012_mldimages_00009_th.jpg
col012_mldimages_00010.jpg,/objects/col012_mldimages_00010.jpg,/objects/small/col012_mldimages_00010_sm.jpg,/objects/thumbs/col012_mldimages_00010_th.jpg
col012_mldimages_00011.jpg,/objects/col012_mldimages_00011.jpg,/objects/small/col012_mldimages_00011_sm.jpg,/objects/thumbs/col012_mldimages_00011_th.jpg
col012_mldimages_00012.jpg,/objects/col012_mldimages_00012.jpg,/objects/small/col012_mldimages_00012_sm.jpg,/objects/thumbs/col012_mldimages_00012_th.jpg
col012_mldimages_00013.jpg,/objects/col012_mldimages_00013.jpg,/objects/small/col012_mldimages_00013_sm.jpg,/objects/thumbs/col012_mldimages_00013_th.jpg
col012_mldimages_00014.jpg,/objects/col012_mldimages_00014.jpg,/objects/small/col012_mldimages_00014_sm.jpg,/objects/thumbs/col012_mldimages_00014_th.jpg
col012_mldimages_00015.jpg,/objects/col012_mldimages_00015.jpg,/objects/small/col012_mldimages_00015_sm.jpg,/objects/thumbs/col012_mldimages_00015_th.jpg
col012_mldimages_00016.jpg,/objects/col012_mldimages_00016.jpg,/objects/small/col012_mldimages_00016_sm.jpg,/objects/thumbs/col012_mldimages_00016_th.jpg
col012_mldimages_00017.jpg,/objects/col012_mldimages_00017.jpg,/objects/small/col012_mldimages_00017_sm.jpg,/objects/thumbs/col012_mldimages_00017_th.jpg
col012_mldimages_00018.jpg,/objects/col012_mldimages_00018.jpg,/objects/small/col012_mldimages_00018_sm.jpg,/objects/thumbs/col012_mldimages_00018_th.jpg
col012_mldimages_00019.jpg,/objects/col012_mldimages_00019.jpg,/objects/small/col012_mldimages_00019_sm.jpg,/objects/thumbs/col012_mldimages_00019_th.jpg
col012_mldimages_00020.jpg,/objects/col012_mldimages_00020.jpg,/objects/small/col012_mldimages_00020_sm.jpg,/objects/thumbs/col012_mldimages_00020_th.jpg
col012_mldimages_00021.jpg,/objects/col012_mldimages_00021.jpg,/objects/small/col012_mldimages_00021_sm.jpg,/objects/thumbs/col012_mldimages_00021_th.jpg
col012_mldimages_00022.jpg,/objects/col012_mldimages_00022.jpg,/objects/small/col012_mldimages_00022_sm.jpg,/objects/thumbs/col012_mldimages_00022_th.jpg
col012_mldimages_00023.jpg,/objects/col012_mldimages_00023.jpg,/objects/small/col012_mldimages_00023_sm.jpg,/objects/thumbs/col012_mldimages_00023_th.jpg
col012_mldimages_00024.jpg,/objects/col012_mldimages_00024.jpg,/objects/small/col012_mldimages_00024_sm.jpg,/objects/thumbs/col012_mldimages_00024_th.jpg
col012_mldimages_00025.jpg,/objects/col012_mldimages_00025.jpg,/objects/small/col012_mldimages_00025_sm.jpg,/objects/thumbs/col012_mldimages_00025_th.jpg
col012_mldimages_00026.jpg,/objects/col012_mldimages_00026.jpg,/objects/small/col012_mldimages_00026_sm.jpg,/objects/thumbs/col012_mldimages_00026_th.jpg
col012_mldimages_00027.jpg,/objects/col012_mldimages_00027.jpg,/objects/small/col012_mldimages_00027_sm.jpg,/objects/thumbs/col012_mldimages_00027_th.jpg
col012_mldimages_00028.jpg,/objects/col012_mldimages_00028.jpg,/objects/small/col012_mldimages_00028_sm.jpg,/objects/thumbs/col012_mldimages_00028_th.jpg
col012_mldimages_00029.jpg,/objects/col012_mldimages_00029.jpg,/objects/small/col012_mldimages_00029_sm.jpg,/objects/thumbs/col012_mldimages_00029_th.jpg
col012_mldimages_00030.jpg,/objects/col012_mldimages_00030.jpg,/objects/small/col012_mldimages_00030_sm.jpg,/objects/thumbs/col012_mldimages_00030_th.jpg
col012_mldimages_00031.jpg,/objects/col012_mldimages_00031.jpg,/objects/small/col012_mldimages_00031_sm.jpg,/objects/thumbs/col012_mldimages_00031_th.jpg
col012_mldimages_00032.jpg,/objects/col012_mldimages_00032.jpg,/objects/small/col012_mldimages_00032_sm.jpg,/objects/thumbs/col012_mldimages_00032_th.jpg
col012_mldimages_00033.jpg,/objects/col012_mldimages_00033.jpg,/objects/small/col012_mldimages_00033_sm.jpg,/objects/thumbs/col012_mldimages_00033_th.jpg
col012_mldimages_00034.jpg,/objects/col012_mldimages_00034.jpg,/objects/small/col012_mldimages_00034_sm.jpg,/objects/thumbs/col012_mldimages_00034_th.jpg
col012_mldimages_00035.jpg,/objects/col012_mldimages_00035.jpg,/objects/small/col012_mldimages_00035_sm.jpg,/objects/thumbs/col012_mldimages_00035_th.jpg
col012_mldimages_00036.jpg,/objects/col012_mldimages_00036.jpg,/objects/small/col012_mldimages_00036_sm.jpg,/objects/thumbs/col012_mldimages_00036_th.jpg
col012_mldimages_00037.jpg,/objects/col012_mldimages_00037.jpg,/objects/small/col012_mldimages_00037_sm.jpg,/objects/thumbs/col012_mldimages_00037_th.jpg
col012_mldimages_00038.jpg,/objects/col012_mldimages_00038.jpg,/objects/small/col012_mldimages_00038_sm.jpg,/objects/thumbs/col012_mldimages_00038_th.jpg
col012_mldimages_00039.jpg,/objects/col012_mldimages_00039.jpg,/objects/small/col012_mldimages_00039_sm.jpg,/objects/thumbs/col012_mldimages_00039_th.jpg
col012_mldimages_00040.jpg,/objects/col012_mldimages_00040.jpg,/objects/small/col012_mldimages_00040_sm.jpg,/objects/thumbs/col012_mldimages_00040_th.jpg
col012_mldimages_00041.jpg,/objects/col012_mldimages_00041.jpg,/objects/small/col012_mldimages_00041_sm.jpg,/objects/thumbs/col012_mldimages_00041_th.jpg
col012_mldimages_00042.jpg,/objects/col012_mldimages_00042.jpg,/objects/small/col012_mldimages_00042_sm.jpg,/objects/thumbs/col012_mldimages_00042_th.jpg
col012_mldimages_00043.jpg,/objects/col012_mldimages_00043.jpg,/objects/small/col012_mldimages_00043_sm.jpg,/objects/thumbs/col012_mldimages_00043_th.jpg
col012_mldimages_00044.jpg,/objects/col012_mldimages_00044.jpg,/objects/small/col012_mldimages_00044_sm.jpg,/objects/thumbs/col012_mldimages_00044_th.jpg
col012_mldimages_00045.jpg,/objects/col012_mldimages_00045.jpg,/objects/small/col012_mldimages_00045_sm.jpg,/objects/thumbs/col012_mldimages_00045_th.jpg
col012_mldimages_00046.jpg,/objects/col012_mldimages_00046.jpg,/objects/small/col012_mldimages_00046_sm.jpg,/objects/thumbs/col012_mldimages_00046_th.jpg
col012_mldimages_00047.jpg,/objects/col012_mldimages_00047.jpg,/objects/small/col012_mldimages_00047_sm.jpg,/objects/thumbs/col012_mldimages_00047_th.jpg
col012_mldimages_00048.jpg,/objects/col012_mldimages_00048.jpg,/objects/small/col012_mldimages_00048_sm.jpg,/objects/thumbs/col012_mldimages_00048_th.jpg
col012_mldimages_00049.jpg,/objects/col012_mldimages_00049.jpg,/objects/small/col012_mldimages_00049_sm.jpg,/objects/thumbs/col012_mldimages_00049_th.jpg
col012_mldimages_00050.jpg,/objects/col012_mldimages_00050.jpg,/objects/small/col012_mldimages_00050_sm.jpg,/objects/thumbs/col012_mldimages_00050_th.jpg
col012_mldimages_00051.jpg,/objects/col012_mldimages_00051.jpg,/objects/small/col012_mldimages_00051_sm.jpg,/objects/thumbs/col012_mldimages_00051_th.jpg
col012_mldimages_00052.jpg,/objects/col012_mldimages_00052.jpg,/objects/small/col012_mldimages_00052_sm.jpg,/objects/thumbs/col012_mldimages_00052_th.jpg
col012_mldimages_00053.jpg,/objects/col012_mldimages_00053.jpg,/objects/small/col012_mldimages_00053_sm.jpg,/objects/thumbs/col012_mldimages_00053_th.jpg
col012_mldimages_00054.jpg,/objects/col012_mldimages_00054.jpg,/objects/small/col012_mldimages_00054_sm.jpg,/objects/thumbs/col012_mldimages_00054_th.jpg
col012_mldimages_00055.jpg,/objects/col012_mldimages_00055.jpg,/objects/small/col012_mldimages_00055_sm.jpg,/objects/thumbs/col012_mldimages_00055_th.jpg
col012_mldimages_00056.jpg,/objects/col012_mldimages_00056.jpg,/objects/small/col012_mldimages_00056_sm.jpg,/objects/thumbs/col012_mldimages_00056_th.jpg
col012_mldimages_00057.jpg,/objects/col012_mldimages_00057.jpg,/objects/small/col012_mldimages_00057_sm.jpg,/objects/thumbs/col012_mldimages_00057_th.jpg
col012_mldimages_00058.jpg,/objects/col012_mldimages_00058.jpg,/objects/small/col012_mldimages_00058_sm.jpg,/objects/thumbs/col012_mldimages_00058_th.jpg
col012_mldimages_00059.jpg,/objects/col012_mldimages_00059.jpg,/objects/small/col012_mldimages_00059_sm.jpg,/objects/thumbs/col012_mldimages_00059_th.jpg
col012_mldimages_00060.jpg,/objects/col012_mldimages_00060.jpg,/objects/small/col012_mldimages_00060_sm.jpg,/objects/thumbs/col012_mldimages_00060_th.jpg
col012_mldimages_00061.jpg,/objects/col012_mldimages_00061.jpg,/objects/small/col012_mldimages_00061_sm.jpg,/objects/thumbs/col012_mldimages_00061_th.jpg
col012_mldimages_00062.jpg,/objects/col012_mldimages_00062.jpg,/objects/small/col012_mldimages_00062_sm.jpg,/objects/thumbs/col012_mldimages_00062_th.jpg
col012_mldimages_00063.jpg,/objects/col012_mldimages_00063.jpg,/objects/small/col012_mldimages_00063_sm.jpg,/objects/thumbs/col012_mldimages_00063_th.jpg
col012_mldimages_00064.jpg,/objects/col012_mldimages_00064.jpg,/objects/small/col012_mldimages_00064_sm.jpg,/objects/thumbs/col012_mldimages_00064_th.jpg
col012_mldimages_00065.jpg,/objects/col012_mldimages_00065.jpg,/objects/small/col012_mldimages_00065_sm.jpg,/objects/thumbs/col012_mldimages_00065_th.jpg
col012_mldimages_00066.jpg,/objects/col012_mldimages_00066.jpg,/objects/small/col012_mldimages_00066_sm.jpg,/objects/thumbs/col012_mldimages_00066_th.jpg
col012_mldimages_00067.jpg,/objects/col012_mldimages_00067.jpg,/objects/small/col012_mldimages_00067_sm.jpg,/objects/thumbs/col012_mldimages_00067_th.jpg
col012_mldimages_00068.jpg,/objects/col012_mldimages_00068.jpg,/objects/small/col012_mldimages_00068_sm.jpg,/objects/thumbs/col012_mldimages_00068_th.jpg
col012_mldimages_00069.jpg,/objects/col012_mldimages_00069.jpg,/objects/small/col012_mldimages_00069_sm.jpg,/objects/thumbs/col012_mldimages_00069_th.jpg
col012_mldimages_00070.jpg,/objects/col012_mldimages_00070.jpg,/objects/small/col012_mldimages_00070_sm.jpg,/objects/thumbs/col012_mldimages_00070_th.jpg
col012_mldimages_00071.jpg,/objects/col012_mldimages_00071.jpg,/objects/small/col012_mldimages_00071_sm.jpg,/objects/thumbs/col012_mldimages_00071_th.jpg
col012_mldimages_00072.jpg,/objects/col012_mldimages_00072.jpg,/objects/small/col012_mldimages_00072_sm.jpg,/objects/thumbs/col012_mldimages_00072_th.jpg
col012_mldimages_00073.jpg,/objects/col012_mldimages_00073.jpg,/objects/small/col012_mldimages_00073_sm.jpg,/objects/thumbs/col012_mldimages_00073_th.jpg
col012_mldimages_00074.jpg,/objects/col012_mldimages_00074.jpg,/objects/small/col012_mldimages_00074_sm.jpg,/objects/thumbs/col012_mldimages_00074_th.jpg
col012_mldimages_00075.jpg,/objects/col012_mldimages_00075.jpg,/objects/small/col012_mldimages_00075_sm.jpg,/objects/thumbs/col012_mldimages_00075_th.jpg
col012_mldimages_00076.jpg,/objects/col012_mldimages_00076.jpg,/objects/small/col012_mldimages_00076_sm.jpg,/objects/thumbs/col012_mldimages_00076_th.jpg
col012_mldimages_00077.jpg,/objects/col012_mldimages_00077.jpg,/objects/small/col012_mldimages_00077_sm.jpg,/objects/thumbs/col012_mldimages_00077_th.jpg
col012_mldimages_00078.jpg,/objects/col012_mldimages_00078.jpg,/objects/small/col012_mldimages_00078_sm.jpg,/objects/thumbs/col012_mldimages_00078_th.jpg
col012_mldimages_00079.jpg,/objects/col012_mldimages_00079.jpg,/objects/small/col012_mldimages_00079_sm.jpg,/objects/thumbs/col012_mldimages_00079_th.jpg
col012_mldimages_00080.jpg,/objects/col012_mldimages_00080.jpg,/objects/small/col012_mldimages_00080_sm.jpg,/objects/thumbs/col012_mldimages_00080_th.jpg
col012_mldimages_00081.jpg,/objects/col012_mldimages_00081.jpg,/objects/small/col012_mldimages_00081_sm.jpg,/objects/thumbs/col012_mldimages_00081_th.jpg
col012_mldimages_00082.jpg,/objects/col012_mldimages_00082.jpg,/objects/small/col012_mldimages_00082_sm.jpg,/objects/thumbs/col012_mldimages_00082_th.jpg
col012_mldimages_00083.jpg,/objects/col012_mldimages_00083.jpg,/objects/small/col012_mldimages_00083_sm.jpg,/objects/thumbs/col012_mldimages_00083_th.jpg
col012_mldimages_00084.jpg,/objects/col012_mldimages_00084.jpg,/objects/small/col012_mldimages_00084_sm.jpg,/objects/thumbs/col012_mldimages_00084_th.jpg
col012_mldimages_00085.jpg,/objects/col012_mldimages_00085.jpg,/objects/small/col012_mldimages_00085_sm.jpg,/objects/thumbs/col012_mldimages_00085_th.jpg
col012_mldimages_00086.jpg,/objects/col012_mldimages_00086.jpg,/objects/small/col012_mldimages_00086_sm.jpg,/objects/thumbs/col012_mldimages_00086_th.jpg
col012_mldimages_00087.jpg,/objects/col012_mldimages_00087.jpg,/objects/small/col012_mldimages_00087_sm.jpg,/objects/thumbs/col012_mldimages_00087_th.jpg
col012_mldimages_00088.jpg,/objects/col012_mldimages_00088.jpg,/objects/small/col012_mldimages_00088_sm.jpg,/objects/thumbs/col012_mldimages_00088_th.jpg
col012_mldimages_00089.jpg,/objects/col012_mldimages_00089.jpg,/objects/small/col012_mldimages_00089_sm.jpg,/objects/thumbs/col012_mldimages_00089_th.jpg
col012_mldimages_00090.jpg,/objects/col012_mldimages_00090.jpg,/objects/small/col012_mldimages_00090_sm.jpg,/objects/thumbs/col012_mldimages_00090_th.jpg
col012_mldimages_00091.jpg,/objects/col012_mldimages_00091.jpg,/objects/small/col012_mldimages_00091_sm.jpg,/objects/thumbs/col012_mldimages_00091_th.jpg
col012_mldimages_00092.jpg,/objects/col012_mldimages_00092.jpg,/objects/small/col012_mldimages_00092_sm.jpg,/objects/thumbs/col012_mldimages_00092_th.jpg
col012_mldimages_00093.jpg,/objects/col012_mldimages_00093.jpg,/objects/small/col012_mldimages_00093_sm.jpg,/objects/thumbs/col012_mldimages_00093_th.jpg
col012_mldimages_00094.jpg,/objects/col012_mldimages_00094.jpg,/objects/small/col012_mldimages_00094_sm.jpg,/objects/thumbs/col012_mldimages_00094_th.jpg
col012_mldimages_00095.jpg,/objects/col012_mldimages_00095.jpg,/objects/small/col012_mldimages_00095_sm.jpg,/objects/thumbs/col012_mldimages_00095_th.jpg
col012_mldimages_00096.jpg,/objects/col012_mldimages_00096.jpg,/objects/small/col012_mldimages_00096_sm.jpg,/objects/thumbs/col012_mldimages_00096_th.jpg
col012_mldimages_00097.jpg,/objects/col012_mldimages_00097.jpg,/objects/small/col012_mldimages_00097_sm.jpg,/objects/thumbs/col012_mldimages_00097_th.jpg
col012_mldimages_00098.jpg,/objects/col012_mldimages_00098.jpg,/objects/small/col012_mldimages_00098_sm.jpg,/objects/thumbs/col012_mldimages_00098_th.jpg
col012_mldimages_00099.jpg,/objects/col012_mldimages_00099.jpg,/objects/small/col012_mldimages_00099_sm.jpg,/objects/thumbs/col012_mldimages_00099_th.jpg
col012_mldimages_00100.jpg,/objects/col012_mldimages_00100.jpg,/objects/small/col012_mldimages_00100_sm.jpg,/objects/thumbs/col012_mldimages_00100_th.jpg
col012_mldimages_00101.jpg,/objects/col012_mldimages_00101.jpg,/objects/small/col012_mldimages_00101_sm.jpg,/objects/thumbs/col012_mldimages_00101_th.jpg
col012_mldimages_00102.jpg,/objects/col012_mldimages_00102.jpg,/objects/small/col012_mldimages_00102_sm.jpg,/objects/thumbs/col012_mldimages_00102_th.jpg
col012_mldimages_00103.jpg,/objects/col012_mldimages_00103.jpg,/objects/small/col012_mldimages_00103_sm.jpg,/objects/thumbs/col012_mldimages_00103_th.jpg
col012_mldimages_00104.jpg,/objects/col012_mldimages_00104.jpg,/objects/small/col012_mldimages_00104_sm.jpg,/objects/thumbs/col012_mldimages_00104_th.jpg
col012_mldimages_00105.jpg,/objects/col012_mldimages_00105.jpg,/objects/small/col012_mldimages_00105_sm.jpg,/objects/thumbs/col012_mldimages_00105_th.jpg
col012_mldimages_00106.jpg,/objects/col012_mldimages_00106.jpg,/objects/small/col012_mldimages_00106_sm.jpg,/objects/thumbs/col012_mldimages_00106_th.jpg
col012_mldimages_00107.jpg,/objects/col012_mldimages_00107.jpg,/objects/small/col012_mldimages_00107_sm.jpg,/objects/thumbs/col012_mldimages_00107_th.jpg
col012_mldimages_00108.jpg,/objects/col012_mldimages_00108.jpg,/objects/small/col012_mldimages_00108_sm.jpg,/objects/thumbs/col012_mldimages_00108_th.jpg
col012_mldimages_00109.jpg,/objects/col012_mldimages_00109.jpg,/objects/small/col012_mldimages_00109_sm.jpg,/objects/thumbs/col012_mldimages_00109_th.jpg
col012_mldimages_00110.jpg,/objects/col012_mldimages_00110.jpg,/objects/small/col012_mldimages_00110_sm.jpg,/objects/thumbs/col012_mldimages_00110_th.jpg
col012_mldimages_00111.jpg,/objects/col012_mldimages_00111.jpg,/objects/small/col012_mldimages_00111_sm.jpg,/objects/thumbs/col012_mldimages_00111_th.jpg
col012_mldimages_00112.jpg,/objects/col012_mldimages_00112.jpg,/objects/small/col012_mldimages_00112_sm.jpg,/objects/thumbs/col012_mldimages_00112_th.jpg
col012_mldimages_00113.jpg,/objects/col012_mldimages_00113.jpg,/objects/small/col012_mldimages_00113_sm.jpg,/objects/thumbs/col012_mldimages_00113_th.jpg
col012_mldimages_00114.jpg,/objects/col012_mldimages_00114.jpg,/objects/small/col012_mldimages_00114_sm.jpg,/objects/thumbs/col012_mldimages_00114_th.jpg
col012_mldimages_00115.jpg,/objects/col012_mldimages_00115.jpg,/objects/small/col012_mldimages_00115_sm.jpg,/objects/thumbs/col012_mldimages_00115_th.jpg
col012_mldimages_00116.jpg,/objects/col012_mldimages_00116.jpg,/objects/small/col012_mldimages_00116_sm.jpg,/objects/thumbs/col012_mldimages_00116_th.jpg
col012_mldimages_00117.jpg,/objects/col012_mldimages_00117.jpg,/objects/small/col012_mldimages_00117_sm.jpg,/objects/thumbs/col012_mldimages_00117_th.jpg
col012_mldimages_00118.jpg,/objects/col012_mldimages_00118.jpg,/objects/small/col012_mldimages_00118_sm.jpg,/objects/thumbs/col012_mldimages_00118_th.jpg
col012_mldimages_00119.jpg,/objects/col012_mldimages_00119.jpg,/objects/small/col012_mldimages_00119_sm.jpg,/objects/thumbs/col012_mldimages_00119_th.jpg
col012_mldimages_00120.jpg,/objects/col012_mldimages_00120.jpg,/objects/small/col012_mldimages_00120_sm.jpg,/objects/thumbs/col012_mldimages_00120_th.jpg
col012_mldimages_00121.jpg,/objects/col012_mldimages_00121.jpg,/objects/small/col012_mldimages_00121_sm.jpg,/objects/thumbs/col012_mldimages_00121_th.jpg
col012_mldimages_00122.jpg,/objects/col012_mldimages_00122.jpg,/objects/small/col012_mldimages_00122_sm.jpg,/objects/thumbs/col012_mldimages_00122_th.jpg
col012_mldimages_00123.jpg,/objects/col012_mldimages_00123.jpg,/objects/small/col012_mldimages_00123_sm.jpg,/objects/thumbs/col012_mldimages_00123_th.jpg
col012_mldimages_00124.jpg,/objects/col012_mldimages_00124.jpg,/objects/small/col012_mldimages_00124_sm.jpg,/objects/thumbs/col012_mldimages_00124_th.jpg
col012_mldimages_00125.jpg,/objects/col012_mldimages_00125.jpg,/objects/small/col012_mldimages_00125_sm.jpg,/objects/thumbs/col012_mldimages_00125_th.jpg
col012_mldimages_00126.jpg,/objects/col012_mldimages_00126.jpg,/objects/small/col012_mldimages_00126_sm.jpg,/objects/thumbs/col012_mldimages_00126_th.jpg
col012_mldimages_00127.jpg,/objects/col012_mldimages_00127.jpg,/objects/small/col012_mldimages_00127_sm.jpg,/objects/thumbs/col012_mldimages_00127_th.jpg
col012_mldimages_00128.jpg,/objects/col012_mldimages_00128.jpg,/objects/small/col012_mldimages_00128_sm.jpg,/objects/thumbs/col012_mldimages_00128_th.jpg
col012_mldimages_00129.jpg,/objects/col012_mldimages_00129.jpg,/objects/small/col012_mldimages_00129_sm.jpg,/objects/thumbs/col012_mldimages_00129_th.jpg
col012_mldimages_00130.jpg,/objects/col012_mldimages_00130.jpg,/objects/small/col012_mldimages_00130_sm.jpg,/objects/thumbs/col012_mldimages_00130_th.jpg
col012_mldimages_00131.jpg,/objects/col012_mldimages_00131.jpg,/objects/small/col012_mldimages_00131_sm.jpg,/objects/thumbs/col012_mldimages_00131_th.jpg
col012_mldimages_00132.jpg,/objects/col012_mldimages_00132.jpg,/objects/small/col012_mldimages_00132_sm.jpg,/objects/thumbs/col012_mldimages_00132_th.jpg
col012_mldimages_00133.jpg,/objects/col012_mldimages_00133.jpg,/objects/small/col012_mldimages_00133_sm.jpg,/objects/thumbs/col012_mldimages_00133_th.jpg
col012_mldimages_00134.jpg,/objects/col012_mldimages_00134.jpg,/objects/small/col012_mldimages_00134_sm.jpg,/objects/thumbs/col012_mldimages_00134_th.jpg
col012_mldimages_00135.jpg,/objects/col012_mldimages_00135.jpg,/objects/small/col012_mldimages_00135_sm.jpg,/objects/thumbs/col012_mldimages_00135_th.jpg
col012_mldimages_00136.jpg,/objects/col012_mldimages_00136.jpg,/objects/small/col012_mldimages_00136_sm.jpg,/objects/thumbs/col012_mldimages_00136_th.jpg
col012_mldimages_00137.jpg,/objects/col012_mldimages_00137.jpg,/objects/small/col012_mldimages_00137_sm.jpg,/objects/thumbs/col012_mldimages_00137_th.jpg
col012_mldimages_00138.jpg,/objects/col012_mldimages_00138.jpg,/objects/small/col012_mldimages_00138_sm.jpg,/objects/thumbs/col012_mldimages_00138_th.jpg
col012_mldimages_00139.jpg,/objects/col012_mldimages_00139.jpg,/objects/small/col012_mldimages_00139_sm.jpg,/objects/thumbs/col012_mldimages_00139_th.jpg
col012_mldimages_00140.jpg,/objects/col012_mldimages_00140.jpg,/objects/small/col012_mldimages_00140_sm.jpg,/objects/thumbs/col012_mldimages_00140_th.jpg
col012_mldimages_00141.jpg,/objects/col012_mldimages_00141.jpg,/objects/small/col012_mldimages_00141_sm.jpg,/objects/thumbs/col012_mldimages_00141_th.jpg
col012_mldimages_00142.jpg,/objects/col012_mldimages_00142.jpg,/objects/small/col012_mldimages_00142_sm.jpg,/objects/thumbs/col012_mldimages_00142_th.jpg
col012_mldimages_00143.jpg,/objects/col012_mldimages_00143.jpg,/objects/small/col012_mldimages_00143_sm.jpg,/objects/thumbs/col012_mldimages_00143_th.jpg
col012_mldimages_00144.jpg,/objects/col012_mldimages_00144.jpg,/objects/small/col012_mldimages_00144_sm.jpg,/objects/thumbs/col012_mldimages_00144_th.jpg
col012_mldimages_00145.jpg,/objects/col012_mldimages_00145.jpg,/objects/small/col012_mldimages_00145_sm.jpg,/objects/thumbs/col012_mldimages_00145_th.jpg
col012_mldimages_00146.jpg,/objects/col012_mldimages_00146.jpg,/objects/small/col012_mldimages_00146_sm.jpg,/objects/thumbs/col012_mldimages_00146_th.jpg
col012_mldimages_00147.jpg,/objects/col012_mldimages_00147.jpg,/objects/small/col012_mldimages_00147_sm.jpg,/objects/thumbs/col012_mldimages_00147_th.jpg
col012_mldimages_00148.jpg,/objects/col012_mldimages_00148.jpg,/objects/small/col012_mldimages_00148_sm.jpg,/objects/thumbs/col012_mldimages_00148_th.jpg
col012_mldimages_00149.jpg,/objects/col012_mldimages_00149.jpg,/objects/small/col012_mldimages_00149_sm.jpg,/objects/thumbs/col012_mldimages_00149_th.jpg
col012_mldimages_00150.jpg,/objects/col012_mldimages_00150.jpg,/objects/small/col012_mldimages_00150_sm.jpg,/objects/thumbs/col012_mldimages_00150_th.jpg
col012_mldimages_00151.jpg,/objects/col012_mldimages_00151.jpg,/objects/small/col012_mldimages_00151_sm.jpg,/objects/thumbs/col012_mldimages_00151_th.jpg
col012_mldimages_00152.jpg,/objects/col012_mldimages_00152.jpg,/objects/small/col012_mldimages_00152_sm.jpg,/objects/thumbs/col012_mldimages_00152_th.jpg
col012_mldimages_00153.jpg,/objects/col012_mldimages_00153.jpg,/objects/small/col012_mldimages_00153_sm.jpg,/objects/thumbs/col012_mldimages_00153_th.jpg
col012_mldimages_00154.jpg,/objects/col012_mldimages_00154.jpg,/objects/small/col012_mldimages_00154_sm.jpg,/objects/thumbs/col012_mldimages_00154_th.jpg
col012_mldimages_00155.jpg,/objects/col012_mldimages_00155.jpg,/objects/small/col012_mldimages_00155_sm.jpg,/objects/thumbs/col012_mldimages_00155_th.jpg
col012_mldimages_00156.jpg,/objects/col012_mldimages_00156.jpg,/objects/small/col012_mldimages_00156_sm.jpg,/objects/thumbs/col012_mldimages_00156_th.jpg
col012_mldimages_00157.jpg,/objects/col012_mldimages_00157.jpg,/objects/small/col012_mldimages_00157_sm.jpg,/objects/thumbs/col012_mldimages_00157_th.jpg
col012_mldimages_00158.jpg,/objects/col012_mldimages_00158.jpg,/objects/small/col012_mldimages_00158_sm.jpg,/objects/thumbs/col012_mldimages_00158_th.jpg
col012_mldimages_00159.jpg,/objects/col012_mldimages_00159.jpg,/objects/small/col012_mldimages_00159_sm.jpg,/objects/thumbs/col012_mldimages_00159_th.jpg
col012_mldimages_00160.jpg,/objects/col012_mldimages_00160.jpg,/objects/small/col012_mldimages_00160_sm.jpg,/objects/thumbs/col012_mldimages_00160_th.jpg
col012_mldimages_00161.jpg,/objects/col012_mldimages_00161.jpg,/objects/small/col012_mldimages_00161_sm.jpg,/objects/thumbs/col012_mldimages_00161_th.jpg
col012_mldimages_00162.jpg,/objects/col012_mldimages_00162.jpg,/objects/small/col012_mldimages_00162_sm.jpg,/objects/thumbs/col012_mldimages_00162_th.jpg
col012_mldimages_00163.jpg,/objects/col012_mldimages_00163.jpg,/objects/small/col012_mldimages_00163_sm.jpg,/objects/thumbs/col012_mldimages_00163_th.jpg
col012_mldimages_00164.jpg,/objects/col012_mldimages_00164.jpg,/objects/small/col012_mldimages_00164_sm.jpg,/objects/thumbs/col012_mldimages_00164_th.jpg
col012_mldimages_00165.jpg,/objects/col012_mldimages_00165.jpg,/objects/small/col012_mldimages_00165_sm.jpg,/objects/thumbs/col012_mldimages_00165_th.jpg
col012_mldimages_00166.jpg,/objects/col012_mldimages_00166.jpg,/objects/small/col012_mldimages_00166_sm.jpg,/objects/thumbs/col012_mldimages_00166_th.jpg
col012_mldimages_00167.jpg,/objects/col012_mldimages_00167.jpg,/objects/small/col012_mldimages_00167_sm.jpg,/objects/thumbs/col012_mldimages_00167_th.jpg
col012_mldimages_00168.jpg,/objects/col012_mldimages_00168.jpg,/objects/small/col012_mldimages_00168_sm.jpg,/objects/thumbs/col012_mldimages_00168_th.jpg
col012_mldimages_00169.jpg,/objects/col012_mldimages_00169.jpg,/objects/small/col012_mldimages_00169_sm.jpg,/objects/thumbs/col012_mldimages_00169_th.jpg
col012_mldimages_00170.jpg,/objects/col012_mldimages_00170.jpg,/objects/small/col012_mldimages_00170_sm.jpg,/objects/thumbs/col012_mldimages_00170_th.jpg
col012_mldimages_00171.jpg,/objects/col012_mldimages_00171.jpg,/objects/small/col012_mldimages_00171_sm.jpg,/objects/thumbs/col012_mldimages_00171_th.jpg
col012_mldimages_00172.jpg,/objects/col012_mldimages_00172.jpg,/objects/small/col012_mldimages_00172_sm.jpg,/objects/thumbs/col012_mldimages_00172_th.jpg
col012_mldimages_00173.jpg,/objects/col012_mldimages_00173.jpg,/objects/small/col012_mldimages_00173_sm.jpg,/objects/thumbs/col012_mldimages_00173_th.jpg
col012_mldimages_00174.jpg,/objects/col012_mldimages_00174.jpg,/objects/small/col012_mldimages_00174_sm.jpg,/objects/thumbs/col012_mldimages_00174_th.jpg
col012_mldimages_00175.jpg,/objects/col012_mldimages_00175.jpg,/objects/small/col012_mldimages_00175_sm.jpg,/objects/thumbs/col012_mldimages_00175_th.jpg
col012_mldimages_00176.jpg,/objects/col012_mldimages_00176.jpg,/objects/small/col012_mldimages_00176_sm.jpg,/objects/thumbs/col012_mldimages_00176_th.jpg
col012_mldimages_00177.jpg,/objects/col012_mldimages_00177.jpg,/objects/small/col012_mldimages_00177_sm.jpg,/objects/thumbs/col012_mldimages_00177_th.jpg
col012_mldimages_00178.jpg,/objects/col012_mldimages_00178.jpg,/objects/small/col012_mldimages_00178_sm.jpg,/objects/thumbs/col012_mldimages_00178_th.jpg
col012_mldimages_00179.jpg,/objects/col012_mldimages_00179.jpg,/objects/small/col012_mldimages_00179_sm.jpg,/objects/thumbs/col012_mldimages_00179_th.jpg
col012_mldimages_00180.jpg,/objects/col012_mldimages_00180.jpg,/objects/small/col012_mldimages_00180_sm.jpg,/objects/thumbs/col012_mldimages_00180_th.jpg
col012_mldimages_00181.jpg,/objects/col012_mldimages_00181.jpg,/objects/small/col012_mldimages_00181_sm.jpg,/objects/thumbs/col012_mldimages_00181_th.jpg
col012_mldimages_00182.jpg,/objects/col012_mldimages_00182.jpg,/objects/small/col012_mldimages_00182_sm.jpg,/objects/thumbs/col012_mldimages_00182_th.jpg
col012_mldimages_00183.jpg,/objects/col012_mldimages_00183.jpg,/objects/small/col012_mldimages_00183_sm.jpg,/objects/thumbs/col012_mldimages_00183_th.jpg
col012_mldimages_00184.jpg,/objects/col012_mldimages_00184.jpg,/objects/small/col012_mldimages_00184_sm.jpg,/objects/thumbs/col012_mldimages_00184_th.jpg
col012_mldimages_00185.jpg,/objects/col012_mldimages_00185.jpg,/objects/small/col012_mldimages_00185_sm.jpg,/objects/thumbs/col012_mldimages_00185_th.jpg
col012_mldimages_00186.jpg,/objects/col012_mldimages_00186.jpg,/objects/small/col012_mldimages_00186_sm.jpg,/objects/thumbs/col012_mldimages_00186_th.jpg
col012_mldimages_00187.jpg,/objects/col012_mldimages_00187.jpg,/objects/small/col012_mldimages_00187_sm.jpg,/objects/thumbs/col012_mldimages_00187_th.jpg
col012_mldimages_00188.jpg,/objects/col012_mldimages_00188.jpg,/objects/small/col012_mldimages_00188_sm.jpg,/objects/thumbs/col012_mldimages_00188_th.jpg
col012_mldimages_00189.jpg,/objects/col012_mldimages_00189.jpg,/objects/small/col012_mldimages_00189_sm.jpg,/objects/thumbs/col012_mldimages_00189_th.jpg
col012_mldimages_00190.jpg,/objects/col012_mldimages_00190.jpg,/objects/small/col012_mldimages_00190_sm.jpg,/objects/thumbs/col012_mldimages_00190_th.jpg
col012_mldimages_00191.jpg,/objects/col012_mldimages_00191.jpg,/objects/small/col012_mldimages_00191_sm.jpg,/objects/thumbs/col012_mldimages_00191_th.jpg
col012_mldimages_00192.jpg,/objects/col012_mldimages_00192.jpg,/objects/small/col012_mldimages_00192_sm.jpg,/objects/thumbs/col012_mldimages_00192_th.jpg
col012_mldimages_00193.jpg,/objects/col012_mldimages_00193.jpg,/objects/small/col012_mldimages_00193_sm.jpg,/objects/thumbs/col012_mldimages_00193_th.jpg
col012_mldimages_00194.jpg,/objects/col012_mldimages_00194.jpg,/objects/small/col012_mldimages_00194_sm.jpg,/objects/thumbs/col012_mldimages_00194_th.jpg
col012_mldimages_00195.jpg,/objects/col012_mldimages_00195.jpg,/objects/small/col012_mldimages_00195_sm.jpg,/objects/thumbs/col012_mldimages_00195_th.jpg
col012_mldimages_00196.jpg,/objects/col012_mldimages_00196.jpg,/objects/small/col012_mldimages_00196_sm.jpg,/objects/thumbs/col012_mldimages_00196_th.jpg
col012_mldimages_00197.jpg,/objects/col012_mldimages_00197.jpg,/objects/small/col012_mldimages_00197_sm.jpg,/objects/thumbs/col012_mldimages_00197_th.jpg
col012_mldimages_00198.jpg,/objects/col012_mldimages_00198.jpg,/objects/small/col012_mldimages_00198_sm.jpg,/objects/thumbs/col012_mldimages_00198_th.jpg
col012_mldimages_00199.jpg,/objects/col012_mldimages_00199.jpg,/objects/small/col012_mldimages_00199_sm.jpg,/objects/thumbs/col012_mldimages_00199_th.jpg
col012_mldimages_00200.jpg,/objects/col012_mldimages_00200.jpg,/objects/small/col012_mldimages_00200_sm.jpg,/objects/thumbs/col012_mldimages_00200_th.jpg
col012_mldimages_00201.jpg,/objects/col012_mldimages_00201.jpg,/objects/small/col012_mldimages_00201_sm.jpg,/objects/thumbs/col012_mldimages_00201_th.jpg
col012_mldimages_00202.jpg,/objects/col012_mldimages_00202.jpg,/objects/small/col012_mldimages_00202_sm.jpg,/objects/thumbs/col012_mldimages_00202_th.jpg
col012_mldimages_00203.jpg,/objects/col012_mldimages_00203.jpg,/objects/small/col012_mldimages_00203_sm.jpg,/objects/thumbs/col012_mldimages_00203_th.jpg
col012_mldimages_00204.jpg,/objects/col012_mldimages_00204.jpg,/objects/small/col012_mldimages_00204_sm.jpg,/objects/thumbs/col012_mldimages_00204_th.jpg
col012_mldimages_00205.jpg,/objects/col012_mldimages_00205.jpg,/objects/small/col012_mldimages_00205_sm.jpg,/objects/thumbs/col012_mldimages_00205_th.jpg
col012_mldimages_00206.jpg,/objects/col012_mldimages_00206.jpg,/objects/small/col012_mldimages_00206_sm.jpg,/objects/thumbs/col012_mldimages_00206_th.jpg
col012_mldimages_00207.jpg,/objects/col012_mldimages_00207.jpg,/objects/small/col012_mldimages_00207_sm.jpg,/objects/thumbs/col012_mldimages_00207_th.jpg
